{"cameraMode":{"drawMode":0,"name":"Shaded","section":"Shading Mode"},"sceneLighting":true,"audioPlay":false,"sceneViewState":{"showFog":true,"showMaterialUpdate":false,"showSkybox":true,"showFlares":true,"showImageEffects":true,"showParticleSystems":true},"in2DMode":false,"pivot":{"x":1491.004638671875,"y":145.10610961914063,"z":727.7266235351563},"rotation":{"x":-0.02398168481886387,"y":-0.9730685353279114,"z":0.11912612617015839,"w":-0.19588641822338105},"size":1.7003931999206544,"orthographic":false}