{"cameraMode":{"drawMode":0,"name":"Shaded","section":"Shading Mode"},"sceneLighting":false,"audioPlay":false,"sceneViewState":{"showFog":true,"showMaterialUpdate":false,"showSkybox":false,"showFlares":true,"showImageEffects":true,"showParticleSystems":true},"in2DMode":false,"pivot":{"x":1430.0565185546875,"y":146.78797912597657,"z":852.7813110351563},"rotation":{"x":0.03948991745710373,"y":0.960331380367279,"z":-0.18550343811511994,"w":0.2044326215982437},"size":15.938458442687989,"orthographic":false}