{"cameraMode":{"drawMode":0,"name":"Shaded","section":"Shading Mode"},"sceneLighting":true,"audioPlay":false,"sceneViewState":{"showFog":true,"showMaterialUpdate":false,"showSkybox":true,"showFlares":true,"showImageEffects":true,"showParticleSystems":true},"in2DMode":false,"pivot":{"x":1589.224609375,"y":41.050506591796878,"z":1046.5712890625},"rotation":{"x":0.20663851499557496,"y":0.07822883874177933,"z":-0.016576476395130159,"w":0.9751441478729248},"size":416.70330810546877,"orthographic":false}