{"cameraMode":{"drawMode":0,"name":"Shaded","section":"Shading Mode"},"sceneLighting":false,"audioPlay":false,"sceneViewState":{"showFog":true,"showMaterialUpdate":false,"showSkybox":false,"showFlares":true,"showImageEffects":true,"showParticleSystems":true},"in2DMode":false,"pivot":{"x":1499.9024658203125,"y":165.35247802734376,"z":900.0906982421875},"rotation":{"x":0.0005825099651701748,"y":-0.9994149208068848,"z":-0.025174658745527269,"w":-0.023144328966736795},"size":1.4071460962295533,"orthographic":false}