{"cameraMode":{"drawMode":0,"name":"Shaded","section":"Shading Mode"},"sceneLighting":true,"audioPlay":false,"sceneViewState":{"showFog":true,"showMaterialUpdate":false,"showSkybox":true,"showFlares":true,"showImageEffects":true,"showParticleSystems":true},"in2DMode":false,"pivot":{"x":-169.00665283203126,"y":1461.898193359375,"z":-651.5718383789063},"rotation":{"x":0.004797120578587055,"y":-0.9952013492584229,"z":-0.06846082210540772,"w":-0.06974535435438156},"size":8.295750617980957,"orthographic":false}