{"cameraMode":{"drawMode":0,"name":"Shaded","section":"Shading Mode"},"sceneLighting":true,"audioPlay":false,"sceneViewState":{"showFog":true,"showMaterialUpdate":false,"showSkybox":true,"showFlares":true,"showImageEffects":true,"showParticleSystems":true},"in2DMode":false,"pivot":{"x":1495.79296875,"y":-292.59918212890627,"z":-294.72003173828127},"rotation":{"x":-0.07333682477474213,"y":-0.8147624731063843,"z":0.10569281131029129,"w":-0.5653431415557861},"size":1875.8798828125,"orthographic":false}