{"cameraMode":{"drawMode":0,"name":"Shaded","section":"Shading Mode"},"sceneLighting":true,"audioPlay":false,"sceneViewState":{"showFog":true,"showMaterialUpdate":false,"showSkybox":true,"showFlares":true,"showImageEffects":true,"showParticleSystems":true},"in2DMode":false,"pivot":{"x":4.531002044677734,"y":7.10053014755249,"z":-0.4030340015888214},"rotation":{"x":0.08871162682771683,"y":0.6855833530426025,"z":-0.08475711941719055,"w":0.7175806164741516},"size":6.876242160797119,"orthographic":false}