{"cameraMode":{"drawMode":0,"name":"Shaded","section":"Shading Mode"},"sceneLighting":true,"audioPlay":false,"sceneViewState":{"showFog":true,"showMaterialUpdate":false,"showSkybox":true,"showFlares":true,"showImageEffects":true,"showParticleSystems":true},"in2DMode":false,"pivot":{"x":1500.061279296875,"y":145.06716918945313,"z":999.0739135742188},"rotation":{"x":0.018692746758461,"y":-0.8272459506988525,"z":0.027571212500333787,"w":0.5608516931533814},"size":0.8688942790031433,"orthographic":false}