{"cameraMode":{"drawMode":0,"name":"Shaded","section":"Shading Mode"},"sceneLighting":true,"audioPlay":false,"sceneViewState":{"showFog":true,"showMaterialUpdate":false,"showSkybox":true,"showFlares":true,"showImageEffects":true,"showParticleSystems":true},"in2DMode":false,"pivot":{"x":1.343462347984314,"y":0.5661369562149048,"z":-0.02160516381263733},"rotation":{"x":-0.02583235502243042,"y":-0.7530248761177063,"z":0.029616642743349077,"w":-0.6568174362182617},"size":3.0506553649902345,"orthographic":false}